condition,time_h,OD600_bsub_mean,OD600_bsub_std,n_reps
MP,0.3258,0.0711,0.0098,3
MP,0.6592,0.0713,0.0084,3
MP,0.9925,0.0713,0.0076,3
MP,1.3258,0.071,0.0072,3
MP,1.6592,0.0707,0.007,3
MP,1.9925,0.071,0.0066,3
MP,2.3258,0.0699,0.007,3
MP,2.6592,0.0719,0.0046,3
MP,2.9925,0.0706,0.0071,3
MP,3.3258,0.0697,0.0065,3
MP,3.6592,0.0699,0.0075,3
MP,3.9925,0.0692,0.007,3
MP,4.3258,0.0697,0.009,3
MP,4.6592,0.0697,0.0081,3
MP,4.9925,0.0696,0.0081,3
MP,5.3258,0.0704,0.0081,3
MP,5.6592,0.071,0.0085,3
MP,5.9925,0.0717,0.0091,3
MP,6.3258,0.0721,0.009,3
MP,6.6592,0.0729,0.0095,3
MP,6.9925,0.0744,0.01,3
MP,7.3258,0.0753,0.0096,3
MP,7.6592,0.0767,0.0101,3
MP,7.9925,0.0782,0.0106,3
MP,8.3258,0.0807,0.0111,3
MP,8.6592,0.0829,0.0111,3
MP,8.9925,0.0859,0.0111,3
MP,9.3258,0.0892,0.0119,3
MP,9.6592,0.0923,0.0122,3
MP,9.9925,0.0961,0.0118,3
MP,10.3258,0.1004,0.0129,3
MP,10.6592,0.1041,0.0125,3
MP,10.9925,0.1091,0.0132,3
MP,11.3258,0.1148,0.0138,3
MP,11.6592,0.1191,0.0132,3
MP,11.9925,0.1248,0.0146,3
MP,12.3258,0.1301,0.014,3
MP,12.6592,0.1361,0.014,3
MP,12.9925,0.1421,0.0148,3
MP,13.3258,0.1488,0.0145,3
MP,13.6592,0.155,0.0148,3
MP,13.9925,0.1624,0.015,3
MP,14.3258,0.1698,0.0153,3
MP,14.6592,0.1794,0.0182,3
MP,14.9925,0.1991,0.0364,3
MP,15.3258,0.1908,0.0153,3
MP,15.6592,0.1991,0.0147,3
MP,15.9925,0.2064,0.0159,3
MP,16.3258,0.2151,0.0165,3
MP,16.6592,0.2234,0.0169,3
MP,16.9925,0.2311,0.0174,3
MP,17.3258,0.2408,0.018,3
MP,17.6592,0.2494,0.0187,3
MP,17.9925,0.2898,0.0653,3
MP,18.3258,0.2691,0.0178,3
MP,18.6592,0.2791,0.0168,3
MP,18.9925,0.2878,0.0157,3
MP,19.3258,0.2964,0.0153,3
MP,19.6592,0.3038,0.0131,3
MP,19.9925,0.3096,0.011,3
MP,20.3258,0.3131,0.0089,3
MP,20.6592,0.3164,0.006,3
MP,20.9925,0.3174,0.0035,3
MP,21.3258,0.3176,0.0023,3
MP,21.6592,0.3171,0.0026,3
MP,21.9925,0.3161,0.0026,3
MP,22.3258,0.3481,0.0607,3
MP,22.6592,0.3128,0.0032,3
MP,22.9925,0.3104,0.0031,3
MP,23.3258,0.3088,0.0032,3
MP,23.6592,0.3381,0.0572,3
MP,23.9925,0.3048,0.0032,3
MP,24.3258,0.3031,0.0035,3
MP,24.6592,0.3244,0.0423,3
MP,24.9925,0.2991,0.0035,3
MP,25.3258,0.2973,0.0038,3
MP,25.6592,0.3341,0.0676,3
MP,25.9925,0.2938,0.0032,3
MP,26.3258,0.2924,0.0029,3
MP,26.6592,0.3021,0.021,3
MP,26.9925,0.2898,0.0032,3
MP,27.3258,0.2981,0.0201,3
MP,27.6592,0.2863,0.0026,3
MP,27.9925,0.3431,0.1031,3
MP,28.3258,0.2844,0.0038,3
MP,28.6592,0.2821,0.0026,3
MP,28.9925,0.2826,0.0052,3
MP,29.3258,0.2868,0.0142,3
MP,29.6592,0.2781,0.003,3
MP,29.9925,0.2829,0.0118,3
MP,30.3258,0.2762,0.003,3
MP,30.6592,0.3462,0.1256,3
MP,30.9925,0.2732,0.003,3
MP,31.3258,0.2725,0.0035,3
MP,31.6592,0.2718,0.0031,3
MP,31.9925,0.2701,0.003,3
MP,32.3258,0.3226,0.0942,3
MP,32.6592,0.2748,0.0103,3
MP,32.9925,0.2701,0.0056,3
MP,33.3258,0.2844,0.0176,3
MP,33.6592,0.2921,0.0494,3
MP,33.9925,0.3092,0.0797,3
MP,34.3258,0.2637,0.0031,3
MP,34.6592,0.2629,0.0031,3
MP,34.9925,0.2618,0.0031,3
MP,35.3258,0.2613,0.0025,3
MP,35.6592,0.2604,0.0025,3
MP,35.9925,0.2655,0.0127,3
MP,36.3258,0.2583,0.0032,3
MP,36.6592,0.2925,0.0629,3
MP,36.9925,0.257,0.0026,3
MP,37.3258,0.2568,0.0031,3
MP,37.6592,0.2562,0.0035,3
MP,37.9925,0.2736,0.0344,3
MP,38.3258,0.2547,0.0032,3
MP,38.6592,0.2534,0.0032,3
MP,38.9925,0.2528,0.0029,3
MP,39.3258,0.2525,0.0032,3
MP,39.6592,0.2521,0.0029,3
MP,39.9925,0.2617,0.0205,3
MP,40.3258,0.2706,0.0379,3
MP,40.6592,0.2522,0.0036,3
MP,40.9925,0.2504,0.0052,3
MP,41.3258,0.2489,0.0031,3
MP,41.6592,0.2481,0.0029,3
MP,41.9925,0.2807,0.0603,3
MP,42.3258,0.2471,0.0029,3
MP,42.6592,0.2527,0.0136,3
MP,42.9925,0.2482,0.0069,3
MP,43.3258,0.2457,0.0032,3
MP,43.6592,0.2471,0.0064,3
MP,43.9925,0.2439,0.0029,3
MP,44.3258,0.3002,0.1014,3
MP,44.6592,0.2434,0.0026,3
MP,44.9925,0.2431,0.0029,3
MP,45.3258,0.2431,0.002,3
MP,45.6592,0.2421,0.0031,3
MP,45.9925,0.2817,0.073,3
MP,46.3258,0.2441,0.0035,3
MP,46.6592,0.2604,0.0378,3
MP,46.9925,0.2714,0.0293,3
MP,47.3258,0.2394,0.0032,3
MP,47.6592,0.2667,0.026,3
MP,47.9925,0.2704,0.0468,3
MP,48.3258,0.2931,0.0979,3
MPOB_008,0.3258,0.0804,0.0106,3
MPOB_008,0.6592,0.083,0.0062,3
MPOB_008,0.9925,0.088,0.0066,3
MPOB_008,1.3258,0.0963,0.006,3
MPOB_008,1.6592,0.1043,0.0074,3
MPOB_008,1.9925,0.1123,0.0067,3
MPOB_008,2.3258,0.1212,0.006,3
MPOB_008,2.6592,0.1312,0.006,3
MPOB_008,2.9925,0.1402,0.0055,3
MPOB_008,3.3258,0.1507,0.005,3
MPOB_008,3.6592,0.1609,0.0046,3
MPOB_008,3.9925,0.1719,0.0046,3
MPOB_008,4.3258,0.1837,0.0053,3
MPOB_008,4.6592,0.197,0.0035,3
MPOB_008,4.9925,0.2099,0.0035,3
MPOB_008,5.3258,0.2247,0.0017,3
MPOB_008,5.6592,0.2387,0.0025,3
MPOB_008,5.9925,0.2537,0.0021,3
MPOB_008,6.3258,0.2701,0.0029,3
MPOB_008,6.6592,0.2869,0.003,3
MPOB_008,6.9925,0.3054,0.0032,3
MPOB_008,7.3258,0.324,0.0036,3
MPOB_008,7.6592,0.3434,0.0038,3
MPOB_008,7.9925,0.3632,0.0042,3
MPOB_008,8.3258,0.3848,0.0044,3
MPOB_008,8.6592,0.4066,0.0055,3
MPOB_008,8.9925,0.4299,0.0052,3
MPOB_008,9.3258,0.4536,0.0064,3
MPOB_008,9.6592,0.478,0.007,3
MPOB_008,9.9925,0.5021,0.0079,3
MPOB_008,10.3258,0.5284,0.0081,3
MPOB_008,10.6592,0.5534,0.0081,3
MPOB_008,10.9925,0.5758,0.0075,3
MPOB_008,11.3258,0.5914,0.0064,3
MPOB_008,11.6592,0.6008,0.0067,3
MPOB_008,11.9925,0.6074,0.0074,3
MPOB_008,12.3258,0.6124,0.0074,3
MPOB_008,12.6592,0.6118,0.0097,3
MPOB_008,12.9925,0.6104,0.0096,3
MPOB_008,13.3258,0.6071,0.0111,3
MPOB_008,13.6592,0.6043,0.0122,3
MPOB_008,13.9925,0.6008,0.0127,3
MPOB_008,14.3258,0.5981,0.0125,3
MPOB_008,14.6592,0.5951,0.0125,3
MPOB_008,14.9925,0.5934,0.0127,3
MPOB_008,15.3258,0.5928,0.0123,3
MPOB_008,15.6592,0.5918,0.0102,3
MPOB_008,15.9925,0.5918,0.0095,3
MPOB_008,16.3258,0.5921,0.0096,3
MPOB_008,16.6592,0.5931,0.0089,3
MPOB_008,16.9925,0.5938,0.0084,3
MPOB_008,17.3258,0.5951,0.0078,3
MPOB_008,17.6592,0.5964,0.0074,3
MPOB_008,17.9925,0.5988,0.0067,3
MPOB_008,18.3258,0.5998,0.0068,3
MPOB_008,18.6592,0.6028,0.0068,3
MPOB_008,18.9925,0.6041,0.0066,3
MPOB_008,19.3258,0.6058,0.0059,3
MPOB_008,19.6592,0.6078,0.0067,3
MPOB_008,19.9925,0.6105,0.0067,3
MPOB_008,20.3258,0.6114,0.0067,3
MPOB_008,20.6592,0.6144,0.0067,3
MPOB_008,20.9925,0.6158,0.0071,3
MPOB_008,21.3258,0.6179,0.0068,3
MPOB_008,21.6592,0.6194,0.0067,3
MPOB_008,21.9925,0.6221,0.0072,3
MPOB_008,22.3258,0.6238,0.0071,3
MPOB_008,22.6592,0.6261,0.0075,3
MPOB_008,22.9925,0.6284,0.0076,3
MPOB_008,23.3258,0.6301,0.0082,3
MPOB_008,23.6592,0.6324,0.0074,3
MPOB_008,23.9925,0.6338,0.0076,3
MPOB_008,24.3258,0.6358,0.0076,3
MPOB_008,24.6592,0.6384,0.0081,3
MPOB_008,24.9925,0.6401,0.0072,3
MPOB_008,25.3258,0.6413,0.0074,3
MPOB_008,25.6592,0.6428,0.0078,3
MPOB_008,25.9925,0.6458,0.0076,3
MPOB_008,26.3258,0.6478,0.0078,3
MPOB_008,26.6592,0.6501,0.0092,3
MPOB_008,26.9925,0.6524,0.0096,3
MPOB_008,27.3258,0.6534,0.0096,3
MPOB_008,27.6592,0.6552,0.0096,3
MPOB_008,27.9925,0.6564,0.0086,3
MPOB_008,28.3258,0.6584,0.0083,3
MPOB_008,28.6592,0.6591,0.007,3
MPOB_008,28.9925,0.6606,0.0065,3
MPOB_008,29.3258,0.6614,0.0072,3
MPOB_008,29.6592,0.6638,0.0076,3
MPOB_008,29.9925,0.6666,0.007,3
MPOB_008,30.3258,0.668,0.0051,3
MPOB_008,30.6592,0.6686,0.0047,3
MPOB_008,30.9925,0.6683,0.0061,3
MPOB_008,31.3258,0.6723,0.0075,3
MPOB_008,31.6592,0.6724,0.0055,3
MPOB_008,31.9925,0.6728,0.004,3
MPOB_008,32.3258,0.6829,0.0076,3
MPOB_008,32.6592,0.6791,0.004,3
MPOB_008,32.9925,0.6768,0.0049,3
MPOB_008,33.3258,0.6761,0.0061,3
MPOB_008,33.6592,0.6771,0.007,3
MPOB_008,33.9925,0.678,0.0076,3
MPOB_008,34.3258,0.6787,0.0068,3
MPOB_008,34.6592,0.6796,0.0064,3
MPOB_008,34.9925,0.6801,0.0061,3
MPOB_008,35.3258,0.6813,0.0055,3
MPOB_008,35.6592,0.6821,0.007,3
MPOB_008,35.9925,0.6839,0.0049,3
MPOB_008,36.3258,0.6847,0.0042,3
MPOB_008,36.6592,0.6842,0.0069,3
MPOB_008,36.9925,0.6837,0.0076,3
MPOB_008,37.3258,0.6848,0.0075,3
MPOB_008,37.6592,0.6856,0.0072,3
MPOB_008,37.9925,0.6862,0.0069,3
MPOB_008,38.3258,0.6864,0.0069,3
MPOB_008,38.6592,0.6868,0.0067,3
MPOB_008,38.9925,0.6874,0.0072,3
MPOB_008,39.3258,0.6872,0.0069,3
MPOB_008,39.6592,0.6884,0.0078,3
MPOB_008,39.9925,0.6891,0.0067,3
MPOB_008,40.3258,0.6889,0.0066,3
MPOB_008,40.6592,0.6889,0.0075,3
MPOB_008,40.9925,0.6894,0.0069,3
MPOB_008,41.3258,0.6899,0.0066,3
MPOB_008,41.6592,0.6907,0.0074,3
MPOB_008,41.9925,0.6897,0.0064,3
MPOB_008,42.3258,0.6907,0.0064,3
MPOB_008,42.6592,0.6907,0.0064,3
MPOB_008,42.9925,0.6906,0.0073,3
MPOB_008,43.3258,0.6911,0.0068,3
MPOB_008,43.6592,0.6914,0.007,3
MPOB_008,43.9925,0.6916,0.0064,3
MPOB_008,44.3258,0.6916,0.0064,3
MPOB_008,44.6592,0.6917,0.0074,3
MPOB_008,44.9925,0.6921,0.0067,3
MPOB_008,45.3258,0.6918,0.0068,3
MPOB_008,45.6592,0.6924,0.007,3
MPOB_008,45.9925,0.6923,0.0064,3
MPOB_008,46.3258,0.6927,0.0072,3
MPOB_008,46.6592,0.6928,0.0068,3
MPOB_008,46.9925,0.6931,0.0061,3
MPOB_008,47.3258,0.6924,0.0064,3
MPOB_008,47.6592,0.6931,0.0067,3
MPOB_008,47.9925,0.6924,0.0064,3
MPOB_008,48.3258,0.6941,0.0053,3
MPOB_041,0.3258,0.0691,0.0104,3
MPOB_041,0.6592,0.0757,0.011,3
MPOB_041,0.9925,0.081,0.013,3
MPOB_041,1.3258,0.088,0.0113,3
MPOB_041,1.6592,0.096,0.014,3
MPOB_041,1.9925,0.1127,0.0045,3
MPOB_041,2.3258,0.1202,0.0093,3
MPOB_041,2.6592,0.1226,0.0153,3
MPOB_041,2.9925,0.1322,0.0166,3
MPOB_041,3.3258,0.1443,0.0137,3
MPOB_041,3.6592,0.1539,0.0161,3
MPOB_041,3.9925,0.1682,0.0118,3
MPOB_041,4.3258,0.1764,0.0154,3
MPOB_041,4.6592,0.1913,0.0131,3
MPOB_041,4.9925,0.1976,0.0211,3
MPOB_041,5.3258,0.2047,0.0271,3
MPOB_041,5.6592,0.2127,0.0361,3
MPOB_041,5.9925,0.226,0.037,3
MPOB_041,6.3258,0.2401,0.038,3
MPOB_041,6.6592,0.2536,0.0395,3
MPOB_041,6.9925,0.2668,0.044,3
MPOB_041,7.3258,0.2837,0.0425,3
MPOB_041,7.6592,0.2961,0.0481,3
MPOB_041,7.9925,0.3126,0.049,3
MPOB_041,8.3258,0.3284,0.0515,3
MPOB_041,8.6592,0.3472,0.0501,3
MPOB_041,8.9925,0.3652,0.0521,3
MPOB_041,9.3258,0.3729,0.0453,3
MPOB_041,9.6592,0.384,0.0365,3
MPOB_041,9.9925,0.3961,0.0313,3
MPOB_041,10.3258,0.4024,0.023,3
MPOB_041,10.6592,0.4038,0.0081,3
MPOB_041,10.9925,0.4048,0.0031,3
MPOB_041,11.3258,0.4021,0.0035,3
MPOB_041,11.6592,0.3994,0.0032,3
MPOB_041,11.9925,0.3971,0.003,3
MPOB_041,12.3258,0.3948,0.0025,3
MPOB_041,12.6592,0.3928,0.0032,3
MPOB_041,12.9925,0.3911,0.005,3
MPOB_041,13.3258,0.3888,0.0055,3
MPOB_041,13.6592,0.388,0.0066,3
MPOB_041,13.9925,0.3871,0.008,3
MPOB_041,14.3258,0.3864,0.009,3
MPOB_041,14.6592,0.3941,0.0164,3
MPOB_041,14.9925,0.3888,0.0127,3
MPOB_041,15.3258,0.3911,0.0135,3
MPOB_041,15.6592,0.3938,0.0143,3
MPOB_041,15.9925,0.3964,0.0165,3
MPOB_041,16.3258,0.4004,0.0172,3
MPOB_041,16.6592,0.4044,0.0182,3
MPOB_041,16.9925,0.4098,0.0191,3
MPOB_041,17.3258,0.4141,0.0195,3
MPOB_041,17.6592,0.4184,0.0189,3
MPOB_041,17.9925,0.4238,0.0203,3
MPOB_041,18.3258,0.4294,0.0206,3
MPOB_041,18.6592,0.4354,0.0204,3
MPOB_041,18.9925,0.4394,0.0195,3
MPOB_041,19.3258,0.4418,0.018,3
MPOB_041,19.6592,0.4431,0.0131,3
MPOB_041,19.9925,0.4449,0.0092,3
MPOB_041,20.3258,0.4441,0.0044,3
MPOB_041,20.6592,0.4434,0.0015,3
MPOB_041,20.9925,0.4421,0.002,3
MPOB_041,21.3258,0.4405,0.0025,3
MPOB_041,21.6592,0.4378,0.0031,3
MPOB_041,21.9925,0.4354,0.0025,3
MPOB_041,22.3258,0.4328,0.0031,3
MPOB_041,22.6592,0.4304,0.0025,3
MPOB_041,22.9925,0.4274,0.0025,3
MPOB_041,23.3258,0.4254,0.0025,3
MPOB_041,23.6592,0.4228,0.0031,3
MPOB_041,23.9925,0.4208,0.0025,3
MPOB_041,24.3258,0.4184,0.0025,3
MPOB_041,24.6592,0.4158,0.0025,3
MPOB_041,24.9925,0.4131,0.002,3
MPOB_041,25.3258,0.4117,0.0025,3
MPOB_041,25.6592,0.4088,0.0025,3
MPOB_041,25.9925,0.4071,0.002,3
MPOB_041,26.3258,0.4048,0.0025,3
MPOB_041,26.6592,0.4024,0.0021,3
MPOB_041,26.9925,0.4004,0.0021,3
MPOB_041,27.3258,0.3974,0.0025,3
MPOB_041,27.6592,0.3962,0.002,3
MPOB_041,27.9925,0.3934,0.0021,3
MPOB_041,28.3258,0.3911,0.002,3
MPOB_041,28.6592,0.3891,0.002,3
MPOB_041,28.9925,0.3869,0.0015,3
MPOB_041,29.3258,0.3844,0.0015,3
MPOB_041,29.6592,0.3821,0.002,3
MPOB_041,29.9925,0.3802,0.002,3
MPOB_041,30.3258,0.3782,0.002,3
MPOB_041,30.6592,0.3755,0.0021,3
MPOB_041,30.9925,0.3735,0.0021,3
MPOB_041,31.3258,0.3715,0.0021,3
MPOB_041,31.6592,0.3691,0.002,3
MPOB_041,31.9925,0.3668,0.0015,3
MPOB_041,32.3258,0.3649,0.0025,3
MPOB_041,32.6592,0.3624,0.0021,3
MPOB_041,32.9925,0.3601,0.0017,3
MPOB_041,33.3258,0.3588,0.0015,3
MPOB_041,33.6592,0.3561,0.0017,3
MPOB_041,33.9925,0.3545,0.0012,3
MPOB_041,34.3258,0.352,0.0017,3
MPOB_041,34.6592,0.3502,0.0017,3
MPOB_041,34.9925,0.3481,0.0017,3
MPOB_041,35.3258,0.346,0.0017,3
MPOB_041,35.6592,0.3438,0.0015,3
MPOB_041,35.9925,0.3422,0.0017,3
MPOB_041,36.3258,0.34,0.0017,3
MPOB_041,36.6592,0.339,0.0015,3
MPOB_041,36.9925,0.3363,0.0012,3
MPOB_041,37.3258,0.3351,0.0017,3
MPOB_041,37.6592,0.3333,0.0017,3
MPOB_041,37.9925,0.3313,0.0017,3
MPOB_041,38.3258,0.3301,0.0006,3
MPOB_041,38.6592,0.3284,0.0012,3
MPOB_041,38.9925,0.3258,0.0015,3
MPOB_041,39.3258,0.3246,0.0021,3
MPOB_041,39.6592,0.3231,0.0015,3
MPOB_041,39.9925,0.3214,0.0017,3
MPOB_041,40.3258,0.32,0.0015,3
MPOB_041,40.6592,0.318,0.0015,3
MPOB_041,40.9925,0.3161,0.0015,3
MPOB_041,41.3258,0.315,0.0015,3
MPOB_041,41.6592,0.3134,0.002,3
MPOB_041,41.9925,0.3121,0.0015,3
MPOB_041,42.3258,0.3101,0.0015,3
MPOB_041,42.6592,0.3087,0.0015,3
MPOB_041,42.9925,0.307,0.0015,3
MPOB_041,43.3258,0.3057,0.0015,3
MPOB_041,43.6592,0.3041,0.0015,3
MPOB_041,43.9925,0.3026,0.0015,3
MPOB_041,44.3258,0.3016,0.0015,3
MPOB_041,44.6592,0.3001,0.0015,3
MPOB_041,44.9925,0.2987,0.0015,3
MPOB_041,45.3258,0.2974,0.0015,3
MPOB_041,45.6592,0.2967,0.0015,3
MPOB_041,45.9925,0.2943,0.0015,3
MPOB_041,46.3258,0.2937,0.0015,3
MPOB_041,46.6592,0.2924,0.0015,3
MPOB_041,46.9925,0.2904,0.0015,3
MPOB_041,47.3258,0.2894,0.0015,3
MPOB_041,47.6592,0.2887,0.0015,3
MPOB_041,47.9925,0.2874,0.0015,3
MPOB_041,48.3258,0.2864,0.0015,3
MPOB_045,0.3258,0.0848,0.0015,3
MPOB_045,0.6592,0.0977,0.0067,3
MPOB_045,0.9925,0.116,0.0185,3
MPOB_045,1.3258,0.118,0.0137,3
MPOB_045,1.6592,0.1207,0.0115,3
MPOB_045,1.9925,0.1263,0.0119,3
MPOB_045,2.3258,0.1419,0.0192,3
MPOB_045,2.6592,0.1479,0.0235,3
MPOB_045,2.9925,0.1459,0.0066,3
MPOB_045,3.3258,0.16,0.0066,3
MPOB_045,3.6592,0.1626,0.01,3
MPOB_045,3.9925,0.1712,0.0111,3
MPOB_045,4.3258,0.1924,0.0346,3
MPOB_045,4.6592,0.19,0.0098,3
MPOB_045,4.9925,0.1972,0.014,3
MPOB_045,5.3258,0.2061,0.014,3
MPOB_045,5.6592,0.2157,0.0156,3
MPOB_045,5.9925,0.2253,0.0153,3
MPOB_045,6.3258,0.2357,0.0177,3
MPOB_045,6.6592,0.2452,0.0182,3
MPOB_045,6.9925,0.2551,0.0193,3
MPOB_045,7.3258,0.2663,0.0208,3
MPOB_045,7.6592,0.2771,0.0202,3
MPOB_045,7.9925,0.2896,0.0197,3
MPOB_045,8.3258,0.299,0.0225,3
MPOB_045,8.6592,0.3116,0.0237,3
MPOB_045,8.9925,0.3236,0.0237,3
MPOB_045,9.3258,0.3356,0.0247,3
MPOB_045,9.6592,0.3493,0.0258,3
MPOB_045,9.9925,0.3618,0.0259,3
MPOB_045,10.3258,0.3771,0.0276,3
MPOB_045,10.6592,0.3911,0.0284,3
MPOB_045,10.9925,0.4048,0.0297,3
MPOB_045,11.3258,0.4204,0.0316,3
MPOB_045,11.6592,0.4351,0.0327,3
MPOB_045,11.9925,0.4518,0.0329,3
MPOB_045,12.3258,0.4664,0.034,3
MPOB_045,12.6592,0.4828,0.0344,3
MPOB_045,12.9925,0.4991,0.0359,3
MPOB_045,13.3258,0.5168,0.0382,3
MPOB_045,13.6592,0.5333,0.0384,3
MPOB_045,13.9925,0.5504,0.0401,3
MPOB_045,14.3258,0.5691,0.04,3
MPOB_045,14.6592,0.5858,0.0414,3
MPOB_045,14.9925,0.6024,0.0424,3
MPOB_045,15.3258,0.6181,0.0384,3
MPOB_045,15.6592,0.6311,0.0289,3
MPOB_045,15.9925,0.6421,0.0185,3
MPOB_045,16.3258,0.6491,0.013,3
MPOB_045,16.6592,0.6528,0.0091,3
MPOB_045,16.9925,0.6538,0.0093,3
MPOB_045,17.3258,0.6518,0.0076,3
MPOB_045,17.6592,0.6514,0.0085,3
MPOB_045,17.9925,0.6504,0.0085,3
MPOB_045,18.3258,0.6488,0.0076,3
MPOB_045,18.6592,0.6484,0.0078,3
MPOB_045,18.9925,0.6454,0.0081,3
MPOB_045,19.3258,0.6451,0.0082,3
MPOB_045,19.6592,0.6438,0.0081,3
MPOB_045,19.9925,0.6412,0.0082,3
MPOB_045,20.3258,0.6504,0.019,3
MPOB_045,20.6592,0.6384,0.0087,3
MPOB_045,20.9925,0.6358,0.0093,3
MPOB_045,21.3258,0.6352,0.0106,3
MPOB_045,21.6592,0.6334,0.0095,3
MPOB_045,21.9925,0.6331,0.0106,3
MPOB_045,22.3258,0.6328,0.0103,3
MPOB_045,22.6592,0.6311,0.0125,3
MPOB_045,22.9925,0.6314,0.0114,3
MPOB_045,23.3258,0.6311,0.0123,3
MPOB_045,23.6592,0.6314,0.0119,3
MPOB_045,23.9925,0.6321,0.0123,3
MPOB_045,24.3258,0.6308,0.0119,3
MPOB_045,24.6592,0.6311,0.0132,3
MPOB_045,24.9925,0.6318,0.0134,3
MPOB_045,25.3258,0.632,0.0131,3
MPOB_045,25.6592,0.6328,0.0136,3
MPOB_045,25.9925,0.6331,0.0149,3
MPOB_045,26.3258,0.6341,0.0151,3
MPOB_045,26.6592,0.6354,0.0147,3
MPOB_045,26.9925,0.6364,0.0154,3
MPOB_045,27.3258,0.6354,0.0146,3
MPOB_045,27.6592,0.6365,0.0155,3
MPOB_045,27.9925,0.6364,0.0147,3
MPOB_045,28.3258,0.6378,0.0153,3
MPOB_045,28.6592,0.6391,0.0159,3
MPOB_045,28.9925,0.6392,0.0159,3
MPOB_045,29.3258,0.6404,0.0155,3
MPOB_045,29.6592,0.6414,0.0164,3
MPOB_045,29.9925,0.6422,0.0169,3
MPOB_045,30.3258,0.6436,0.0167,3
MPOB_045,30.6592,0.6436,0.0174,3
MPOB_045,30.9925,0.6442,0.0178,3
MPOB_045,31.3258,0.6449,0.0173,3
MPOB_045,31.6592,0.6458,0.017,3
MPOB_045,31.9925,0.6461,0.0168,3
MPOB_045,32.3258,0.6479,0.0171,3
MPOB_045,32.6592,0.6488,0.018,3
MPOB_045,32.9925,0.6488,0.017,3
MPOB_045,33.3258,0.6501,0.0168,3
MPOB_045,33.6592,0.6504,0.0167,3
MPOB_045,33.9925,0.6516,0.0173,3
MPOB_045,34.3258,0.6517,0.0172,3
MPOB_045,34.6592,0.6519,0.0163,3
MPOB_045,34.9925,0.6531,0.0178,3
MPOB_045,35.3258,0.653,0.0176,3
MPOB_045,35.6592,0.6541,0.0171,3
MPOB_045,35.9925,0.6542,0.0178,3
MPOB_045,36.3258,0.6547,0.0172,3
MPOB_045,36.6592,0.6556,0.0177,3
MPOB_045,36.9925,0.656,0.0178,3
MPOB_045,37.3258,0.6568,0.0172,3
MPOB_045,37.6592,0.6569,0.018,3
MPOB_045,37.9925,0.6572,0.0171,3
MPOB_045,38.3258,0.6571,0.0172,3
MPOB_045,38.6592,0.6584,0.0191,3
MPOB_045,38.9925,0.6568,0.0172,3
MPOB_045,39.3258,0.6582,0.0171,3
MPOB_045,39.6592,0.6587,0.0174,3
MPOB_045,39.9925,0.6587,0.0174,3
MPOB_045,40.3258,0.6586,0.0174,3
MPOB_045,40.6592,0.6586,0.0167,3
MPOB_045,40.9925,0.6587,0.0174,3
MPOB_045,41.3258,0.6589,0.0182,3
MPOB_045,41.6592,0.6591,0.018,3
MPOB_045,41.9925,0.6584,0.0176,3
MPOB_045,42.3258,0.6584,0.0178,3
MPOB_045,42.6592,0.6577,0.0183,3
MPOB_045,42.9925,0.6582,0.0178,3
MPOB_045,43.3258,0.6581,0.018,3
MPOB_045,43.6592,0.6574,0.0178,3
MPOB_045,43.9925,0.6576,0.0174,3
MPOB_045,44.3258,0.6576,0.0184,3
MPOB_045,44.6592,0.6581,0.018,3
MPOB_045,44.9925,0.6574,0.0178,3
MPOB_045,45.3258,0.6564,0.0176,3
MPOB_045,45.6592,0.6571,0.018,3
MPOB_045,45.9925,0.656,0.0176,3
MPOB_045,46.3258,0.6554,0.0185,3
MPOB_045,46.6592,0.6558,0.018,3
MPOB_045,46.9925,0.6551,0.0185,3
MPOB_045,47.3258,0.6551,0.0178,3
MPOB_045,47.6592,0.6554,0.0185,3
MPOB_045,47.9925,0.6544,0.0174,3
MPOB_045,48.3258,0.6538,0.018,3
MPOB_058,0.3258,0.0704,0.0107,3
MPOB_058,0.6592,0.0767,0.0118,3
MPOB_058,0.9925,0.0853,0.0112,3
MPOB_058,1.3258,0.098,0.0131,3
MPOB_058,1.6592,0.1047,0.007,3
MPOB_058,1.9925,0.113,0.005,3
MPOB_058,2.3258,0.1212,0.006,3
MPOB_058,2.6592,0.1276,0.0093,3
MPOB_058,2.9925,0.1349,0.0087,3
MPOB_058,3.3258,0.1483,0.0067,3
MPOB_058,3.6592,0.1506,0.0179,3
MPOB_058,3.9925,0.1546,0.0145,3
MPOB_058,4.3258,0.1647,0.015,3
MPOB_058,4.6592,0.1757,0.016,3
MPOB_058,4.9925,0.1869,0.016,3
MPOB_058,5.3258,0.1988,0.0171,3
MPOB_058,5.6592,0.2113,0.0175,3
MPOB_058,5.9925,0.224,0.018,3
MPOB_058,6.3258,0.2391,0.0182,3
MPOB_058,6.6592,0.2536,0.016,3
MPOB_058,6.9925,0.2674,0.019,3
MPOB_058,7.3258,0.285,0.016,3
MPOB_058,7.6592,0.3007,0.0191,3
MPOB_058,7.9925,0.3202,0.0166,3
MPOB_058,8.3258,0.3401,0.0146,3
MPOB_058,8.6592,0.3609,0.0151,3
MPOB_058,8.9925,0.3832,0.0168,3
MPOB_058,9.3258,0.4046,0.0179,3
MPOB_058,9.6592,0.426,0.0199,3
MPOB_058,9.9925,0.4431,0.0168,3
MPOB_058,10.3258,0.4681,0.0182,3
MPOB_058,10.6592,0.4911,0.0201,3
MPOB_058,10.9925,0.5141,0.021,3
MPOB_058,11.3258,0.5374,0.0214,3
MPOB_058,11.6592,0.5611,0.0207,3
MPOB_058,11.9925,0.5798,0.0195,3
MPOB_058,12.3258,0.5948,0.0185,3
MPOB_058,12.6592,0.6104,0.0197,3
MPOB_058,12.9925,0.6098,0.0176,3
MPOB_058,13.3258,0.6078,0.0205,3
MPOB_058,13.6592,0.6013,0.0194,3
MPOB_058,13.9925,0.5958,0.018,3
MPOB_058,14.3258,0.5908,0.0163,3
MPOB_058,14.6592,0.5874,0.0151,3
MPOB_058,14.9925,0.5824,0.0133,3
MPOB_058,15.3258,0.5754,0.008,3
MPOB_058,15.6592,0.5704,0.0055,3
MPOB_058,15.9925,0.5704,0.0095,3
MPOB_058,16.3258,0.5624,0.0055,3
MPOB_058,16.6592,0.5578,0.0042,3
MPOB_058,16.9925,0.5534,0.007,3
MPOB_058,17.3258,0.5468,0.0035,3
MPOB_058,17.6592,0.5411,0.005,3
MPOB_058,17.9925,0.5361,0.004,3
MPOB_058,18.3258,0.5314,0.0045,3
MPOB_058,18.6592,0.5278,0.0042,3
MPOB_058,18.9925,0.5228,0.0031,3
MPOB_058,19.3258,0.5194,0.0045,3
MPOB_058,19.6592,0.5151,0.002,3
MPOB_058,19.9925,0.5115,0.0035,3
MPOB_058,20.3258,0.5081,0.003,3
MPOB_058,20.6592,0.5048,0.0031,3
MPOB_058,20.9925,0.5021,0.0036,3
MPOB_058,21.3258,0.4979,0.0031,3
MPOB_058,21.6592,0.4951,0.0026,3
MPOB_058,21.9925,0.4918,0.0031,3
MPOB_058,22.3258,0.4884,0.0035,3
MPOB_058,22.6592,0.4851,0.003,3
MPOB_058,22.9925,0.4824,0.0025,3
MPOB_058,23.3258,0.4788,0.0025,3
MPOB_058,23.6592,0.4758,0.0015,3
MPOB_058,23.9925,0.4728,0.0025,3
MPOB_058,24.3258,0.4691,0.0026,3
MPOB_058,24.6592,0.4654,0.0029,3
MPOB_058,24.9925,0.4628,0.0025,3
MPOB_058,25.3258,0.4597,0.0025,3
MPOB_058,25.6592,0.4564,0.0021,3
MPOB_058,25.9925,0.4528,0.0023,3
MPOB_058,26.3258,0.4501,0.0017,3
MPOB_058,26.6592,0.4468,0.0023,3
MPOB_058,26.9925,0.4441,0.0017,3
MPOB_058,27.3258,0.4404,0.0021,3
MPOB_058,27.6592,0.4376,0.002,3
MPOB_058,27.9925,0.4348,0.0025,3
MPOB_058,28.3258,0.4318,0.0015,3
MPOB_058,28.6592,0.4281,0.0017,3
MPOB_058,28.9925,0.4246,0.0021,3
MPOB_058,29.3258,0.4218,0.0015,3
MPOB_058,29.6592,0.4191,0.001,3
MPOB_058,29.9925,0.4163,0.001,3
MPOB_058,30.3258,0.4133,0.001,3
MPOB_058,30.6592,0.411,0.0006,3
MPOB_058,30.9925,0.4079,0.0016,3
MPOB_058,31.3258,0.4052,0.001,3
MPOB_058,31.6592,0.4028,0.0015,3
MPOB_058,31.9925,0.3998,0.0006,3
MPOB_058,32.3258,0.3975,0.0012,3
MPOB_058,32.6592,0.3948,0.0006,3
MPOB_058,32.9925,0.3928,0.0006,3
MPOB_058,33.3258,0.3898,0.0006,3
MPOB_058,33.6592,0.3874,0.0012,3
MPOB_058,33.9925,0.3859,0.0006,3
MPOB_058,34.3258,0.383,0.001,3
MPOB_058,34.6592,0.3819,0.0012,3
MPOB_058,34.9925,0.3791,0.0,3
MPOB_058,35.3258,0.3767,0.0006,3
MPOB_058,35.6592,0.3748,0.0006,3
MPOB_058,35.9925,0.3729,0.0006,3
MPOB_058,36.3258,0.3703,0.0006,3
MPOB_058,36.6592,0.3685,0.0006,3
MPOB_058,36.9925,0.3663,0.0006,3
MPOB_058,37.3258,0.3654,0.0006,3
MPOB_058,37.6592,0.3632,0.001,3
MPOB_058,37.9925,0.3622,0.0,3
MPOB_058,38.3258,0.3604,0.001,3
MPOB_058,38.6592,0.3584,0.0006,3
MPOB_058,38.9925,0.3571,0.001,3
MPOB_058,39.3258,0.3559,0.0012,3
MPOB_058,39.6592,0.3541,0.0006,3
MPOB_058,39.9925,0.3524,0.001,3
MPOB_058,40.3258,0.3512,0.0017,3
MPOB_058,40.6592,0.3499,0.0015,3
MPOB_058,40.9925,0.3477,0.0012,3
MPOB_058,41.3258,0.3465,0.0012,3
MPOB_058,41.6592,0.3451,0.0015,3
MPOB_058,41.9925,0.3441,0.0015,3
MPOB_058,42.3258,0.3417,0.0012,3
MPOB_058,42.6592,0.3414,0.001,3
MPOB_058,42.9925,0.3396,0.0012,3
MPOB_058,43.3258,0.3387,0.0012,3
MPOB_058,43.6592,0.3371,0.0015,3
MPOB_058,43.9925,0.336,0.0015,3
MPOB_058,44.3258,0.3346,0.0012,3
MPOB_058,44.6592,0.3334,0.0017,3
MPOB_058,44.9925,0.3327,0.0021,3
MPOB_058,45.3258,0.3308,0.0015,3
MPOB_058,45.6592,0.3297,0.0012,3
MPOB_058,45.9925,0.3283,0.0012,3
MPOB_058,46.3258,0.3274,0.0017,3
MPOB_058,46.6592,0.3261,0.0017,3
MPOB_058,46.9925,0.3244,0.0021,3
MPOB_058,47.3258,0.3238,0.0015,3
MPOB_058,47.6592,0.3227,0.0012,3
MPOB_058,47.9925,0.3208,0.0015,3
MPOB_058,48.3258,0.3198,0.0015,3
MPOB_068,0.3258,0.0751,0.0087,3
MPOB_068,0.6592,0.0917,0.0105,3
MPOB_068,0.9925,0.0957,0.0021,3
MPOB_068,1.3258,0.0983,0.007,3
MPOB_068,1.6592,0.106,0.006,3
MPOB_068,1.9925,0.112,0.0082,3
MPOB_068,2.3258,0.1202,0.0083,3
MPOB_068,2.6592,0.1286,0.0084,3
MPOB_068,2.9925,0.1372,0.0098,3
MPOB_068,3.3258,0.147,0.0115,3
MPOB_068,3.6592,0.1549,0.0104,3
MPOB_068,3.9925,0.2106,0.0873,3
MPOB_068,4.3258,0.193,0.0405,3
MPOB_068,4.6592,0.186,0.0128,3
MPOB_068,4.9925,0.1986,0.016,3
MPOB_068,5.3258,0.2094,0.016,3
MPOB_068,5.6592,0.2223,0.017,3
MPOB_068,5.9925,0.2337,0.0165,3
MPOB_068,6.3258,0.2474,0.0191,3
MPOB_068,6.6592,0.2596,0.02,3
MPOB_068,6.9925,0.2738,0.0206,3
MPOB_068,7.3258,0.2877,0.0217,3
MPOB_068,7.6592,0.3027,0.0233,3
MPOB_068,7.9925,0.3236,0.0336,3
MPOB_068,8.3258,0.3347,0.0266,3
MPOB_068,8.6592,0.3529,0.0282,3
MPOB_068,8.9925,0.3702,0.029,3
MPOB_068,9.3258,0.3879,0.0298,3
MPOB_068,9.6592,0.4073,0.032,3
MPOB_068,9.9925,0.4264,0.0344,3
MPOB_068,10.3258,0.4468,0.0359,3
MPOB_068,10.6592,0.4671,0.0363,3
MPOB_068,10.9925,0.4878,0.0367,3
MPOB_068,11.3258,0.5091,0.0397,3
MPOB_068,11.6592,0.5304,0.0412,3
MPOB_068,11.9925,0.5528,0.0425,3
MPOB_068,12.3258,0.5751,0.0429,3
MPOB_068,12.6592,0.5951,0.0386,3
MPOB_068,12.9925,0.6131,0.0308,3
MPOB_068,13.3258,0.6288,0.0215,3
MPOB_068,13.6592,0.641,0.0131,3
MPOB_068,13.9925,0.6468,0.0081,3
MPOB_068,14.3258,0.6514,0.0055,3
MPOB_068,14.6592,0.6581,0.0154,3
MPOB_068,14.9925,0.6514,0.0064,3
MPOB_068,15.3258,0.6494,0.0076,3
MPOB_068,15.6592,0.6468,0.0078,3
MPOB_068,15.9925,0.6424,0.0081,3
MPOB_068,16.3258,0.6401,0.0087,3
MPOB_068,16.6592,0.6378,0.0078,3
MPOB_068,16.9925,0.6344,0.0083,3
MPOB_068,17.3258,0.6334,0.0086,3
MPOB_068,17.6592,0.6318,0.008,3
MPOB_068,17.9925,0.6318,0.0075,3
MPOB_068,18.3258,0.6304,0.0075,3
MPOB_068,18.6592,0.6308,0.008,3
MPOB_068,18.9925,0.6298,0.0076,3
MPOB_068,19.3258,0.6308,0.0081,3
MPOB_068,19.6592,0.6318,0.0074,3
MPOB_068,19.9925,0.6325,0.0076,3
MPOB_068,20.3258,0.6318,0.0072,3
MPOB_068,20.6592,0.6341,0.0069,3
MPOB_068,20.9925,0.6348,0.0072,3
MPOB_068,21.3258,0.6359,0.0064,3
MPOB_068,21.6592,0.6374,0.0075,3
MPOB_068,21.9925,0.6388,0.0064,3
MPOB_068,22.3258,0.6404,0.0067,3
MPOB_068,22.6592,0.6418,0.0072,3
MPOB_068,22.9925,0.6431,0.007,3
MPOB_068,23.3258,0.6451,0.0078,3
MPOB_068,23.6592,0.6461,0.007,3
MPOB_068,23.9925,0.6478,0.0072,3
MPOB_068,24.3258,0.6484,0.0075,3
MPOB_068,24.6592,0.6508,0.0072,3
MPOB_068,24.9925,0.6518,0.0081,3
MPOB_068,25.3258,0.6533,0.0075,3
MPOB_068,25.6592,0.6551,0.0069,3
MPOB_068,25.9925,0.6571,0.0078,3
MPOB_068,26.3258,0.6628,0.0067,3
MPOB_068,26.6592,0.6608,0.0064,3
MPOB_068,26.9925,0.6621,0.0062,3
MPOB_068,27.3258,0.6641,0.0066,3
MPOB_068,27.6592,0.6653,0.0072,3
MPOB_068,27.9925,0.6694,0.0064,3
MPOB_068,28.3258,0.6674,0.0058,3
MPOB_068,28.6592,0.6684,0.0061,3
MPOB_068,28.9925,0.6703,0.0075,3
MPOB_068,29.3258,0.6704,0.0061,3
MPOB_068,29.6592,0.6714,0.0071,3
MPOB_068,29.9925,0.673,0.0076,3
MPOB_068,30.3258,0.6746,0.006,3
MPOB_068,30.6592,0.6746,0.0065,3
MPOB_068,30.9925,0.677,0.0047,3
MPOB_068,31.3258,0.6773,0.0062,3
MPOB_068,31.6592,0.6781,0.005,3
MPOB_068,31.9925,0.6781,0.006,3
MPOB_068,32.3258,0.6799,0.0066,3
MPOB_068,32.6592,0.6808,0.005,3
MPOB_068,32.9925,0.6808,0.005,3
MPOB_068,33.3258,0.6824,0.0055,3
MPOB_068,33.6592,0.6831,0.005,3
MPOB_068,33.9925,0.6833,0.005,3
MPOB_068,34.3258,0.683,0.005,3
MPOB_068,34.6592,0.6852,0.0055,3
MPOB_068,34.9925,0.6844,0.005,3
MPOB_068,35.3258,0.6857,0.0055,3
MPOB_068,35.6592,0.6854,0.005,3
MPOB_068,35.9925,0.6869,0.0055,3
MPOB_068,36.3258,0.6863,0.005,3
MPOB_068,36.6592,0.6872,0.0045,3
MPOB_068,36.9925,0.687,0.0044,3
MPOB_068,37.3258,0.6874,0.005,3
MPOB_068,37.6592,0.6879,0.0051,3
MPOB_068,37.9925,0.6889,0.0041,3
MPOB_068,38.3258,0.6887,0.0047,3
MPOB_068,38.6592,0.6888,0.0058,3
MPOB_068,38.9925,0.6931,0.0095,3
MPOB_068,39.3258,0.6902,0.006,3
MPOB_068,39.6592,0.6897,0.0047,3
MPOB_068,39.9925,0.6894,0.0044,3
MPOB_068,40.3258,0.6892,0.0043,3
MPOB_068,40.6592,0.6899,0.0049,3
MPOB_068,40.9925,0.7011,0.0159,3
MPOB_068,41.3258,0.6902,0.0051,3
MPOB_068,41.6592,0.6901,0.0049,3
MPOB_068,41.9925,0.6901,0.0059,3
MPOB_068,42.3258,0.6907,0.0055,3
MPOB_068,42.6592,0.6907,0.0055,3
MPOB_068,42.9925,0.6906,0.0055,3
MPOB_068,43.3258,0.6907,0.0055,3
MPOB_068,43.6592,0.6907,0.0055,3
MPOB_068,43.9925,0.6912,0.0051,3
MPOB_068,44.3258,0.6912,0.0044,3
MPOB_068,44.6592,0.6897,0.0055,3
MPOB_068,44.9925,0.6901,0.0058,3
MPOB_068,45.3258,0.6891,0.0052,3
MPOB_068,45.6592,0.6904,0.0061,3
MPOB_068,45.9925,0.6897,0.0049,3
MPOB_068,46.3258,0.6901,0.0058,3
MPOB_068,46.6592,0.6898,0.0059,3
MPOB_068,46.9925,0.6894,0.0064,3
MPOB_068,47.3258,0.6891,0.0053,3
MPOB_068,47.6592,0.6897,0.0055,3
MPOB_068,47.9925,0.6894,0.0057,3
MPOB_068,48.3258,0.6888,0.0059,3
ctrl_media,0.3258,0.0748,0.0074,3
ctrl_media,0.6592,0.0767,0.0031,3
ctrl_media,0.9925,0.0843,0.0031,3
ctrl_media,1.3258,0.0923,0.0031,3
ctrl_media,1.6592,0.1013,0.0025,3
ctrl_media,1.9925,0.1067,0.0042,3
ctrl_media,2.3258,0.1149,0.0046,3
ctrl_media,2.6592,0.1229,0.0053,3
ctrl_media,2.9925,0.1329,0.0072,3
ctrl_media,3.3258,0.1413,0.0083,3
ctrl_media,3.6592,0.1506,0.0093,3
ctrl_media,3.9925,0.1592,0.0107,3
ctrl_media,4.3258,0.1691,0.0134,3
ctrl_media,4.6592,0.1803,0.0159,3
ctrl_media,4.9925,0.1882,0.0161,3
ctrl_media,5.3258,0.1961,0.0159,3
ctrl_media,5.6592,0.211,0.0229,3
ctrl_media,5.9925,0.216,0.0182,3
ctrl_media,6.3258,0.2284,0.0226,3
ctrl_media,6.6592,0.2376,0.0232,3
ctrl_media,6.9925,0.2481,0.0234,3
ctrl_media,7.3258,0.2587,0.0257,3
ctrl_media,7.6592,0.27,0.0272,3
ctrl_media,7.9925,0.2816,0.0292,3
ctrl_media,8.3258,0.2934,0.0309,3
ctrl_media,8.6592,0.3046,0.0319,3
ctrl_media,8.9925,0.3196,0.0367,3
ctrl_media,9.3258,0.3279,0.0357,3
ctrl_media,9.6592,0.3403,0.0359,3
ctrl_media,9.9925,0.3641,0.0509,3
ctrl_media,10.3258,0.3674,0.0405,3
ctrl_media,10.6592,0.3781,0.0408,3
ctrl_media,10.9925,0.3898,0.0396,3
ctrl_media,11.3258,0.4024,0.0403,3
ctrl_media,11.6592,0.4144,0.0403,3
ctrl_media,11.9925,0.4261,0.0427,3
ctrl_media,12.3258,0.4374,0.0428,3
ctrl_media,12.6592,0.4491,0.0433,3
ctrl_media,12.9925,0.4604,0.0429,3
ctrl_media,13.3258,0.4734,0.0375,3
ctrl_media,13.6592,0.48,0.0435,3
ctrl_media,13.9925,0.4921,0.0436,3
ctrl_media,14.3258,0.5021,0.0435,3
ctrl_media,14.6592,0.5121,0.0435,3
ctrl_media,14.9925,0.5221,0.0416,3
ctrl_media,15.3258,0.5304,0.0324,3
ctrl_media,15.6592,0.5364,0.0324,3
ctrl_media,15.9925,0.5378,0.024,3
ctrl_media,16.3258,0.5398,0.0117,3
ctrl_media,16.6592,0.5394,0.0117,3
ctrl_media,16.9925,0.5404,0.0047,3
ctrl_media,17.3258,0.5394,0.0065,3
ctrl_media,17.6592,0.5364,0.0031,3
ctrl_media,17.9925,0.5344,0.004,3
ctrl_media,18.3258,0.5334,0.0083,3
ctrl_media,18.6592,0.5311,0.0095,3
ctrl_media,18.9925,0.5431,0.0089,3
ctrl_media,19.3258,0.5308,0.0121,3
ctrl_media,19.6592,0.5301,0.0113,3
ctrl_media,19.9925,0.5353,0.0035,3
ctrl_media,20.3258,0.5301,0.013,3
ctrl_media,20.6592,0.5304,0.0108,3
ctrl_media,20.9925,0.5301,0.0121,3
ctrl_media,21.3258,0.5326,0.0125,3
ctrl_media,21.6592,0.5328,0.0127,3
ctrl_media,21.9925,0.5334,0.0116,3
ctrl_media,22.3258,0.5351,0.0131,3
ctrl_media,22.6592,0.5358,0.0118,3
ctrl_media,22.9925,0.5354,0.0116,3
ctrl_media,23.3258,0.5368,0.0127,3
ctrl_media,23.6592,0.5371,0.0122,3
ctrl_media,23.9925,0.5384,0.0125,3
ctrl_media,24.3258,0.5391,0.0122,3
ctrl_media,24.6592,0.5401,0.0114,3
ctrl_media,24.9925,0.5414,0.0133,3
ctrl_media,25.3258,0.5417,0.0127,3
ctrl_media,25.6592,0.5418,0.0127,3
ctrl_media,25.9925,0.5441,0.013,3
ctrl_media,26.3258,0.5448,0.0136,3
ctrl_media,26.6592,0.5458,0.0145,3
ctrl_media,26.9925,0.5468,0.0127,3
ctrl_media,27.3258,0.5471,0.0139,3
ctrl_media,27.6592,0.549,0.0136,3
ctrl_media,27.9925,0.5474,0.0142,3
ctrl_media,28.3258,0.5491,0.0139,3
ctrl_media,28.6592,0.5491,0.0147,3
ctrl_media,28.9925,0.5503,0.0139,3
ctrl_media,29.3258,0.5524,0.0163,3
ctrl_media,29.6592,0.5528,0.0153,3
ctrl_media,29.9925,0.5529,0.0144,3
ctrl_media,30.3258,0.5526,0.015,3
ctrl_media,30.6592,0.5536,0.0141,3
ctrl_media,30.9925,0.6642,0.1775,3
ctrl_media,31.3258,0.5579,0.0109,3
ctrl_media,31.6592,0.5568,0.011,3
ctrl_media,31.9925,0.5568,0.011,3
ctrl_media,32.3258,0.5576,0.0106,3
ctrl_media,32.6592,0.5574,0.0116,3
ctrl_media,32.9925,0.5591,0.0104,3
ctrl_media,33.3258,0.5591,0.0113,3
ctrl_media,33.6592,0.5584,0.0108,3
ctrl_media,33.9925,0.5596,0.0115,3
ctrl_media,34.3258,0.56,0.0113,3
ctrl_media,34.6592,0.5602,0.0112,3
ctrl_media,34.9925,0.5591,0.0114,3
ctrl_media,35.3258,0.56,0.0114,3
ctrl_media,35.6592,0.5601,0.0114,3
ctrl_media,35.9925,0.5609,0.0119,3
ctrl_media,36.3258,0.5617,0.0119,3
ctrl_media,36.6592,0.5596,0.0115,3
ctrl_media,36.9925,0.561,0.0115,3
ctrl_media,37.3258,0.5604,0.0116,3
ctrl_media,37.6592,0.5602,0.0115,3
ctrl_media,37.9925,0.5616,0.0117,3
ctrl_media,38.3258,0.5611,0.0119,3
ctrl_media,38.6592,0.5608,0.0119,3
ctrl_media,38.9925,0.5604,0.0116,3
ctrl_media,39.3258,0.5619,0.0126,3
ctrl_media,39.6592,0.5624,0.0121,3
ctrl_media,39.9925,0.5617,0.0108,3
ctrl_media,40.3258,0.5622,0.008,3
ctrl_media,40.6592,0.5599,0.0092,3
ctrl_media,40.9925,0.5574,0.0106,3
ctrl_media,41.3258,0.5543,0.013,3
ctrl_media,41.6592,0.5514,0.0156,3
ctrl_media,41.9925,0.5497,0.0197,3
ctrl_media,42.3258,0.5477,0.0224,3
ctrl_media,42.6592,0.5464,0.0226,3
ctrl_media,42.9925,0.5436,0.0222,3
ctrl_media,43.3258,0.5411,0.0201,3
ctrl_media,43.6592,0.5387,0.0163,3
ctrl_media,43.9925,0.5373,0.0142,3
ctrl_media,44.3258,0.5336,0.0129,3
ctrl_media,44.6592,0.5304,0.0114,3
ctrl_media,44.9925,0.5281,0.0124,3
ctrl_media,45.3258,0.5248,0.015,3
ctrl_media,45.6592,0.5251,0.0167,3
ctrl_media,45.9925,0.5203,0.0197,3
ctrl_media,46.3258,0.5187,0.0197,3
ctrl_media,46.6592,0.5144,0.0206,3
ctrl_media,46.9925,0.5108,0.0203,3
ctrl_media,47.3258,0.5081,0.0209,3
ctrl_media,47.6592,0.5044,0.021,3
ctrl_media,47.9925,0.5008,0.0203,3
ctrl_media,48.3258,0.4974,0.0206,3
