condition,n_reps,AUC_740_mean,AUC_740_std,max_delta_740_mean,max_delta_740_std,mu_max_740_mean_per_h,mu_max_740_std_per_h,doubling_time_740_mean_h,doubling_time_740_std_h,AUC_590_mean,AUC_590_std,max_delta_590_mean,max_delta_590_std,mu_max_590_mean_per_h,mu_max_590_std_per_h,doubling_time_590_mean_h,doubling_time_590_std_h
MPOB_008,4,5.271,0.133,0.162,0.002,0.259,0.02,2.689,0.217,7.066,0.252,0.223,0.005,0.279,0.007,2.486,0.067
MPOB_041,4,4.228,0.178,0.121,0.003,0.251,0.006,2.767,0.07,5.748,0.255,0.17,0.004,0.296,0.012,2.347,0.096
MPOB_058,4,5.119,0.133,0.152,0.007,0.247,0.009,2.809,0.1,6.948,0.294,0.21,0.011,0.281,0.008,2.468,0.066
MPOB_020,4,3.715,0.163,0.099,0.005,0.225,0.011,3.081,0.149,4.979,0.196,0.136,0.006,0.259,0.014,2.687,0.152
MPOB_063,4,2.634,0.215,0.07,0.008,0.215,0.013,3.239,0.184,3.656,0.349,0.101,0.014,0.248,0.014,2.805,0.148
MPOB_068,4,4.024,0.16,0.125,0.003,0.202,0.006,3.438,0.105,5.403,0.144,0.174,0.003,0.239,0.007,2.898,0.085
MPOB_029,4,2.901,0.285,0.077,0.009,0.201,0.009,3.445,0.149,4.021,0.373,0.108,0.013,0.232,0.004,2.989,0.055
MPOB_064,4,3.289,0.081,0.096,0.005,0.2,0.006,3.474,0.107,4.483,0.184,0.134,0.007,0.231,0.007,3.006,0.088
MPOB_024,4,2.048,0.195,0.061,0.005,0.197,0.016,3.535,0.276,2.862,0.243,0.082,0.008,0.235,0.019,2.959,0.226
MPOB_034,4,3.445,0.165,0.097,0.005,0.192,0.011,3.622,0.209,4.73,0.205,0.137,0.007,0.231,0.021,3.024,0.285
MPOB_059,4,2.648,0.147,0.069,0.005,0.192,0.009,3.625,0.178,3.639,0.165,0.097,0.006,0.226,0.016,3.084,0.215
MPOB_045,4,4.233,0.18,0.137,0.005,0.191,0.009,3.64,0.171,5.62,0.241,0.186,0.006,0.229,0.014,3.034,0.196
MPOB_010,4,3.324,0.166,0.091,0.005,0.189,0.007,3.677,0.146,4.463,0.175,0.124,0.006,0.226,0.017,3.084,0.232
MPOB_039,4,3.317,0.136,0.096,0.005,0.188,0.013,3.71,0.278,4.549,0.191,0.134,0.007,0.219,0.006,3.168,0.082
MPOB_005,4,3.385,0.297,0.096,0.009,0.186,0.008,3.729,0.163,4.602,0.358,0.135,0.011,0.229,0.009,3.027,0.116
MPOB_032,4,3.764,0.042,0.116,0.003,0.186,0.005,3.731,0.107,5.176,0.12,0.161,0.005,0.22,0.006,3.147,0.087
MPOB_049,4,1.851,0.085,0.048,0.003,0.182,0.012,3.821,0.245,2.608,0.05,0.07,0.002,0.213,0.015,3.259,0.218
MPOB_004,4,3.568,0.123,0.109,0.005,0.181,0.026,3.883,0.561,4.873,0.135,0.151,0.007,0.22,0.02,3.172,0.293
MPOB_026,4,3.737,0.059,0.115,0.002,0.181,0.012,3.841,0.266,5.089,0.116,0.16,0.005,0.218,0.006,3.177,0.086
MPOB_035,4,2.523,0.28,0.065,0.006,0.18,0.019,3.876,0.393,3.427,0.309,0.089,0.007,0.206,0.025,3.397,0.37
MPOB_042,4,2.963,0.198,0.082,0.003,0.18,0.043,4.072,1.24,3.986,0.318,0.112,0.004,0.222,0.024,3.155,0.337
MPOB_054,4,3.455,0.313,0.099,0.011,0.179,0.014,3.893,0.321,4.624,0.34,0.134,0.012,0.224,0.018,3.114,0.259
MPOB_017,4,3.482,0.284,0.099,0.004,0.178,0.041,4.04,0.843,4.58,0.473,0.133,0.007,0.204,0.061,3.589,0.828
MPOB_031,4,2.729,0.211,0.071,0.007,0.178,0.018,3.936,0.444,3.723,0.306,0.101,0.011,0.2,0.033,3.548,0.694
MPOB_066,4,3.754,0.228,0.114,0.007,0.178,0.013,3.921,0.286,5.087,0.288,0.159,0.008,0.21,0.021,3.334,0.354
MPOB_060,4,2.599,0.141,0.065,0.003,0.176,0.016,3.968,0.373,3.437,0.166,0.089,0.005,0.209,0.012,3.318,0.193
MPOB_037,4,3.249,0.1,0.091,0.003,0.173,0.009,4.006,0.205,4.336,0.143,0.126,0.005,0.211,0.012,3.29,0.183
MPOB_022,4,3.511,0.182,0.1,0.002,0.173,0.007,4.005,0.168,4.745,0.275,0.137,0.004,0.21,0.002,3.299,0.037
MPOB_023,4,3.206,0.315,0.094,0.01,0.171,0.011,4.058,0.259,4.261,0.407,0.129,0.013,0.208,0.016,3.353,0.262
MPOB_051,4,3.127,0.185,0.095,0.007,0.17,0.008,4.089,0.203,4.184,0.266,0.129,0.009,0.207,0.017,3.371,0.301
MPOB_043,4,2.871,0.244,0.083,0.005,0.17,0.017,4.118,0.406,3.805,0.335,0.113,0.006,0.202,0.029,3.474,0.461
MPOB_065,4,2.899,0.274,0.088,0.006,0.169,0.027,4.168,0.656,3.924,0.341,0.121,0.009,0.205,0.013,3.39,0.215
ctrl_media,16,2.859,0.239,0.077,0.007,0.169,0.015,4.126,0.386,3.868,0.316,0.105,0.009,0.203,0.015,3.426,0.271
MPOB_062,4,2.665,0.035,0.074,0.002,0.169,0.01,4.117,0.245,3.583,0.088,0.103,0.004,0.211,0.016,3.299,0.254
MPOB_019,4,3.219,0.15,0.097,0.008,0.168,0.007,4.134,0.174,4.222,0.283,0.128,0.012,0.212,0.02,3.3,0.344
MPOB_046,4,3.123,0.056,0.094,0.002,0.165,0.006,4.212,0.158,4.166,0.104,0.129,0.004,0.203,0.009,3.426,0.145
MPOB_030,4,3.177,0.102,0.098,0.003,0.165,0.003,4.209,0.078,4.272,0.145,0.134,0.005,0.205,0.012,3.387,0.184
MPOB_007,4,3.188,0.26,0.099,0.009,0.161,0.02,4.346,0.574,4.258,0.369,0.133,0.013,0.197,0.029,3.584,0.603
MPOB_047,4,3.271,0.111,0.097,0.001,0.161,0.013,4.318,0.344,4.409,0.159,0.133,0.001,0.197,0.016,3.528,0.286
MPOB_055,4,3.119,0.204,0.093,0.004,0.16,0.026,4.418,0.77,4.121,0.257,0.124,0.006,0.173,0.026,4.083,0.594
MPOB_067,4,3.029,0.132,0.095,0.006,0.16,0.004,4.346,0.116,4.128,0.184,0.132,0.009,0.194,0.012,3.575,0.208
MPOB_038,4,2.843,0.116,0.088,0.002,0.158,0.014,4.416,0.365,3.89,0.118,0.12,0.003,0.2,0.018,3.48,0.301
MPOB_061,4,2.522,0.206,0.074,0.007,0.158,0.01,4.407,0.278,3.405,0.316,0.101,0.01,0.193,0.009,3.59,0.177
MPOB_002,4,2.964,0.155,0.093,0.002,0.156,0.009,4.458,0.258,3.905,0.277,0.122,0.006,0.194,0.013,3.583,0.232
MPOB_053,4,2.839,0.194,0.089,0.005,0.155,0.01,4.494,0.287,3.893,0.208,0.121,0.007,0.195,0.005,3.557,0.083
MPOB_012,4,2.81,0.388,0.085,0.01,0.153,0.017,4.587,0.521,3.734,0.459,0.114,0.013,0.187,0.01,3.725,0.217
MPOB_056,4,2.357,0.115,0.065,0.008,0.152,0.013,4.594,0.424,3.213,0.163,0.089,0.009,0.188,0.014,3.699,0.269
MPOB_033,4,2.64,0.161,0.079,0.006,0.152,0.007,4.582,0.205,3.66,0.2,0.111,0.008,0.188,0.007,3.697,0.138
MPOB_040,4,3.092,0.162,0.09,0.004,0.151,0.036,4.865,1.536,4.1,0.27,0.122,0.006,0.192,0.03,3.679,0.643
MPOB_028,4,2.721,0.09,0.087,0.004,0.15,0.011,4.651,0.329,3.774,0.156,0.12,0.006,0.192,0.013,3.621,0.238
MPOB_021,4,2.8,0.181,0.078,0.003,0.149,0.028,4.786,0.863,3.756,0.255,0.106,0.005,0.168,0.027,4.2,0.725
MPOB_069,4,2.541,0.055,0.074,0.001,0.148,0.018,4.752,0.646,3.512,0.117,0.104,0.003,0.191,0.01,3.638,0.203
MPOB_003,4,2.876,0.234,0.09,0.006,0.146,0.011,4.772,0.343,3.885,0.32,0.122,0.008,0.198,0.013,3.509,0.213
MPOB_018,4,2.491,0.163,0.071,0.007,0.145,0.009,4.794,0.31,3.326,0.243,0.095,0.008,0.185,0.008,3.76,0.168
MPOB_057,4,2.715,0.168,0.083,0.006,0.145,0.007,4.789,0.22,3.676,0.27,0.113,0.009,0.181,0.012,3.841,0.271
MPOB_011,4,2.288,0.438,0.069,0.007,0.145,0.033,5.039,1.445,3.108,0.58,0.093,0.011,0.182,0.042,3.994,1.043
MPOB_013,4,2.593,0.251,0.077,0.001,0.145,0.023,4.895,0.821,3.52,0.283,0.107,0.001,0.176,0.016,3.965,0.359
MPOB_006,4,2.214,0.213,0.066,0.007,0.144,0.009,4.818,0.303,3.046,0.249,0.091,0.009,0.176,0.007,3.947,0.144
MPOB_048,4,2.287,0.159,0.066,0.003,0.144,0.006,4.82,0.206,3.095,0.173,0.09,0.003,0.176,0.005,3.935,0.115
MPOB_025,4,2.785,0.275,0.084,0.008,0.142,0.006,4.895,0.197,3.636,0.403,0.111,0.01,0.171,0.016,4.079,0.384
MPOB_014,4,2.262,0.066,0.061,0.002,0.141,0.009,4.943,0.312,3.089,0.147,0.087,0.004,0.177,0.015,3.934,0.339
MPOB_052,4,2.692,0.154,0.08,0.006,0.139,0.022,5.083,0.913,3.639,0.206,0.11,0.009,0.166,0.039,4.406,1.261
MPOB_044,4,2.574,0.14,0.081,0.004,0.138,0.015,5.056,0.56,3.464,0.252,0.109,0.007,0.174,0.014,4.011,0.317
MPOB_050,4,2.198,0.165,0.061,0.005,0.138,0.016,5.087,0.64,3.016,0.183,0.085,0.006,0.186,0.012,3.733,0.248
MPOB_036,4,2.327,0.151,0.071,0.004,0.135,0.015,5.181,0.564,3.198,0.244,0.099,0.005,0.178,0.01,3.911,0.228
MPOB_001,4,1.723,0.814,0.053,0.019,0.132,0.038,5.687,2.087,2.398,0.969,0.072,0.026,0.156,0.041,4.736,1.513
MPOB_027,4,2.451,0.19,0.076,0.006,0.13,0.012,5.358,0.497,3.273,0.247,0.102,0.008,0.164,0.008,4.232,0.203
MPOB_016,4,3.048,0.098,0.087,0.004,0.128,0.013,5.476,0.615,4.074,0.247,0.117,0.009,0.14,0.015,4.983,0.526
MPOB_015,4,2.419,0.154,0.071,0.004,0.111,0.032,6.593,1.755,3.174,0.234,0.093,0.005,0.141,0.033,5.148,1.326
MPOB_009,4,0.962,0.231,0.028,0.006,0.1,0.083,14.331,11.973,1.415,0.273,0.04,0.008,0.148,0.084,10.111,12.911
