Condition_ID,Phosphates,NH4SO4,CoCl2,Succinate,Methanol,PQQ,AUC,AUC_std,Amax,Amax_std,mu_max,mu_max_std,n_reps
MPOB_001,49.82587881,93.54084691,0.056779332,0.903783908,294.0086976,0.004253627,2.3975380404606614,0.9692144963380968,0.07185113536592552,0.026125392543947756,0.15606329410638511,0.041289765604105896,4
MPOB_002,4.843259974,99.22013748,0.04203357,36.38833704,208.22603,0.004670521,3.9051591666751575,0.27680997030204263,0.12234227004367235,0.006238147107278375,0.19407540964751993,0.013215678841877812,4
MPOB_003,1.441244953,81.68292036,0.06744614,132.8171654,115.999413,0.004675216,3.8848010622123526,0.3197350187701203,0.12156682207132818,0.00794347969477682,0.19810577568326224,0.012666063770314581,4
MPOB_004,6.587929629,47.22012443,0.099443569,78.88029349,16.17953937,0.004774914,4.872921233876477,0.1354801013192929,0.15095798363616866,0.0072066799598251435,0.21990391003741716,0.01992446664539451,4
MPOB_005,19.50851958,5.066575802,0.019942303,114.20498,243.8758047,0.004853243,4.601883364062527,0.3582956347987067,0.13460376684277303,0.01132496354871423,0.22924912821642707,0.008826290684724854,4
MPOB_006,48.99545159,58.02263813,0.045048264,118.0468214,28.11021692,0.003639724,3.0458698386569143,0.24940500715360614,0.09076814354231821,0.009201681846813244,0.17580786616490388,0.006634123521184333,4
MPOB_007,1.733587979,87.24511398,0.095452038,16.57406359,407.6809516,0.000320808,4.258055632599482,0.36874845152870345,0.13278081100637576,0.012598614822336679,0.19704189981171202,0.029019728869126068,4
MPOB_008,6.060951405,9.812343705,0.000917117,18.65474131,66.29293904,0.000118358,7.066122345935773,0.25152018373628277,0.2232290651799918,0.004702906688544167,0.27898297054774357,0.007436176561156372,4
MPOB_009,16.19010891,88.51956417,0.026288566,1.343625329,177.7643725,0.001608942,1.4152812164482533,0.27305163869318533,0.04011199079651527,0.007793323274115377,0.14846522706950213,0.08386680328774485,4
MPOB_010,16.99328596,47.34462197,0.01117336,27.54637512,423.3271739,0.000362766,4.463320047092453,0.17465445355682904,0.12435832675194758,0.005510860008642665,0.22570001647094554,0.01695043830855089,4
MPOB_011,39.74311562,90.12778341,0.068722772,49.72123793,206.2415666,0.000489288,3.107788990519028,0.5798609926446545,0.09306705578034155,0.010967502818541246,0.18174686155913247,0.042352993105483294,4
MPOB_012,34.24962068,28.93047687,0.013249805,119.7225447,230.1282141,0.000793928,3.733602791625372,0.4589183905280337,0.11374447918092719,0.012876180862692974,0.1865511042289451,0.01048607565091737,4
MPOB_013,47.19286624,9.765090542,0.07465564,82.06276149,305.8399886,0.001330611,3.5201419596121255,0.2831777187766372,0.10662157029160133,0.0014150993093156232,0.1758883119403153,0.0159324344226971,4
MPOB_014,48.65509433,35.73951914,0.011466474,63.09117011,104.8084159,0.000937273,3.089407938143477,0.1468113051568182,0.08665906916499916,0.0044659532433819074,0.17713617234481105,0.014804332791767493,4
MPOB_015,31.39754864,96.98412217,0.079121681,6.328064296,378.878349,0.004925001,3.173632349912709,0.23364129338684073,0.09322793326498988,0.005364292384174236,0.1408780993632297,0.03286893026099743,4
MPOB_016,31.16750206,92.69914006,0.014751099,25.61437216,263.8988937,0.00090745,4.073709217974209,0.24748044750451864,0.11748496941807299,0.008882877085459276,0.14029970122793517,0.015064991004474804,4
MPOB_017,11.25437527,90.85948256,0.002083283,53.93277604,273.8321474,0.004438372,4.579640058360193,0.47298698516760995,0.13259033794113717,0.007147979113061364,0.20367747441432502,0.060842421451807537,4
MPOB_018,38.84739709,73.63376574,0.028502166,17.54060649,329.9412533,0.000345956,3.3261818083602033,0.2425339778350478,0.09485429733877658,0.008097260387645938,0.18461641657812933,0.007957650920870448,4
MPOB_019,22.68079131,83.33685263,0.099408956,21.36718976,270.336912,0.004548627,4.2216576600149835,0.28254458917614517,0.12841755054174064,0.01153731758496669,0.21165136980691635,0.020478832447876606,4
MPOB_020,26.9533889,2.063361957,0.050005138,23.63528459,119.2930694,0.004972103,4.979210134774376,0.19645448627386125,0.13592951796173697,0.005889526787789502,0.25850471182939905,0.013882307744724555,4
MPOB_021,35.0795661,79.88023082,0.004480621,59.04898397,161.4248653,0.000963629,3.7561535347735537,0.25524746763059664,0.10637797086522051,0.004558291643743738,0.16846727362980599,0.026740001430679786,4
MPOB_022,19.61405157,37.34585084,0.094458207,37.06133582,72.77897574,0.002134287,4.745291629350781,0.274810520780158,0.13650697064872072,0.003836367973456151,0.21012999309641606,0.0023614666495900753,4
MPOB_023,32.26239424,4.433769991,0.085688275,125.4492397,131.2992797,0.00330948,4.260804416151542,0.4068835328527968,0.12858476031955213,0.013148026646742498,0.20768653678921356,0.016264091163373434,4
MPOB_024,44.91995452,15.89052355,0.039430619,2.913724499,149.6517119,0.004167211,2.8622518556374468,0.24263879803162366,0.08190262598058945,0.008482426095744225,0.23538096882568524,0.019071652262887397,4
MPOB_025,27.07571225,91.88952798,0.076279663,113.5613335,77.13663151,0.004361738,3.6360000727051047,0.40270606573211465,0.1106378460486144,0.010041042714887627,0.17104836943901547,0.015845862828149666,4
MPOB_026,4.233305842,49.46345155,0.085432898,30.49064104,327.376051,0.002486456,5.089005503057385,0.11557335342713007,0.15974549989423106,0.0046549990205799205,0.218318427625649,0.005955700500164826,4
MPOB_027,43.06222144,56.12341182,0.093321719,130.5046426,88.60632631,0.00474761,3.2734752065715846,0.2470586200977992,0.10238244947151437,0.00763291996162755,0.16404797074128485,0.007520755234338742,4
MPOB_028,11.81637417,36.69757131,0.037402911,143.457881,192.2796506,0.004294158,3.773888501340434,0.1564390863154648,0.11993105737520776,0.006368461010430591,0.19209888540914186,0.013349289508458182,4
MPOB_029,29.5686857,15.38601109,0.061309922,45.97717486,385.8807635,0.002313724,4.021196835337645,0.37295305900914555,0.10842876525439588,0.012799168786678628,0.2319478127720414,0.004239099969160074,4
MPOB_030,14.65848763,15.01222657,0.093476189,147.7930485,249.3652561,0.003687968,4.272375685858417,0.14501607154449034,0.13418496719141818,0.004583881219641165,0.20514633165951382,0.01173616034726743,4
MPOB_031,32.64551928,18.01408488,0.003422083,85.45956197,21.03147973,0.000603822,3.72298815745381,0.3056102727858737,0.10056131035440266,0.010788548477270564,0.20023657041254864,0.03334272872767217,4
MPOB_032,3.251439554,25.88070128,0.055819056,76.05370763,457.0627692,0.003857369,5.1761919368844005,0.12012986647400635,0.16126995430131877,0.0048591554016551115,0.22038426320264506,0.006065424586133831,4
MPOB_033,26.15443972,45.73275334,0.007893547,124.1213932,108.8339217,0.003500542,3.659723459825907,0.19959600491485524,0.1108098538417441,0.007605382090728652,0.18768783601757003,0.00716793035190772,4
MPOB_034,13.71661313,24.11194335,0.014359019,61.19751701,311.9110433,0.004501513,4.730496301123685,0.20511005740454255,0.1369930992281132,0.007092709813341018,0.2307119547874638,0.02123891997793904,4
MPOB_035,37.86764322,39.52883512,0.038481901,13.57154859,491.6658497,0.004635885,3.4269547345926963,0.3089853828346347,0.08917165828378494,0.006950783608048253,0.20610369016898014,0.025089430312491154,4
MPOB_036,47.72251382,24.94396495,0.062467497,111.5493289,216.9845549,0.003479187,3.1983648969230547,0.24361432911247896,0.09855474204830272,0.005471238114132782,0.1776739408617538,0.01033309282738048,4
MPOB_037,19.05666068,61.67422675,0.046490885,7.91757323,335.9503192,0.004948051,4.335759666554789,0.14334303583363248,0.12601033454970342,0.005070502618607075,0.2111691396247029,0.011751932823238104,4
MPOB_038,8.762319766,68.52569094,0.009775851,99.06677611,211.7674897,0.003119191,3.889616125308639,0.11831048559283804,0.12026097891717111,0.002932678720157175,0.20035554964068777,0.017849531001700537,4
MPOB_039,11.22074267,9.037606541,0.034142162,92.14134112,432.1518941,0.000412552,4.548574842498186,0.190835125283158,0.13420465105144377,0.006961659435031904,0.2188882252821763,0.005701041376120918,4
MPOB_040,29.96849837,65.61167523,0.098177632,79.78564322,219.5173691,0.00084107,4.099691179726625,0.27035462913518343,0.12169581959666831,0.006150660340549066,0.1923023205991932,0.029962701828793067,4
MPOB_041,8.163983366,11.27013444,0.026384534,4.787928127,353.7784677,0.003282761,5.747940437014417,0.25511650160685884,0.1703359913742054,0.0040182230547875465,0.2956549210469465,0.012217708063359829,4
MPOB_042,19.80836085,20.75828241,0.03398153,55.90069582,499.9425914,0.002470275,3.986233627801038,0.3176393072693234,0.11209037322535155,0.004116544129578302,0.22157265916770846,0.02367686436163793,4
MPOB_043,17.96583488,30.07748481,0.00185346,148.9552436,42.99704246,0.004961909,3.804868151821079,0.3347480636927377,0.11292388435349159,0.006086143893777214,0.20241753209277905,0.02901038718005422,4
MPOB_044,35.78279692,45.38670451,0.087167858,144.7101918,36.55867456,0.001190215,3.4637285555477506,0.25171849454155426,0.10927446316288246,0.007469352614520036,0.1736146923128152,0.013723373895278255,4
MPOB_045,0.586973326,41.84179883,0.047592275,65.97483235,233.6369217,0.00489396,5.620169168016096,0.24112251930931355,0.18604964606764102,0.00566414493322922,0.22914589824874837,0.014303528510589988,4
MPOB_046,25.18829798,38.50482037,0.064818857,82.62424525,173.7516685,0.00409383,4.16603219746985,0.1040631225604185,0.12868539343309826,0.003920014845972472,0.2026069987755219,0.008622798624154177,4
MPOB_047,14.93922975,58.75722548,0.078513043,18.75412036,471.2157953,0.004667006,4.408584974377309,0.15897098440145513,0.13257711015827658,0.0008665852885634182,0.19746363479788798,0.016067117705337516,4
MPOB_048,44.38782323,52.51323507,0.002647796,46.47381776,364.0761736,0.004693949,3.0947211752080603,0.17335092308995953,0.09002108734024797,0.003006274410160763,0.17625846949427343,0.005107882997448337,4
MPOB_049,27.51371108,31.66509815,0.004738054,2.713095404,456.0111439,0.001835599,2.607753977020607,0.0504822805593203,0.07010173392874444,0.0016962838773470338,0.2134322085158291,0.01456148962089609,4
MPOB_050,39.12927614,51.37991944,0.01758778,75.82705302,77.60524648,0.002719404,3.0159806744080626,0.18299679910546346,0.08533837441351771,0.006079828190017231,0.18626196029057965,0.012088158568896933,4
MPOB_051,15.67478696,53.42200409,0.055419484,107.1301484,266.788218,0.003006514,4.183826551091792,0.2663870646882021,0.12855125078314456,0.009043505690551444,0.2067777016601255,0.017409298393589623,4
MPOB_052,19.71822683,70.71339858,0.030288128,127.1260686,33.46803499,0.001514098,3.6387521841304076,0.2060930760968113,0.11001825721785655,0.00925930566517148,0.16567651793893967,0.03931062475233158,4
MPOB_053,6.246425341,82.90042347,0.021278801,40.20216224,395.0077913,0.002350883,3.892795373612255,0.2078648582194953,0.12128188673902146,0.006622333397761883,0.1949541837921443,0.004511144980659995,4
MPOB_054,11.95083264,71.3706725,0.088902972,11.30658303,155.8160572,0.004904369,4.623840919932922,0.3396641762154444,0.1338799549385568,0.011783164423021228,0.2237340190767691,0.018174910446432213,4
MPOB_055,18.58154106,75.24236337,0.064804381,42.87643304,301.3456501,0.001469258,4.1214835562033265,0.25733412616217666,0.12387642192991793,0.0057708522587808795,0.17259237533246286,0.02605792074058008,4
MPOB_056,43.22120545,45.13281365,0.073921341,15.45989533,231.7684345,0.000103644,3.212615074097443,0.16289045164063365,0.08932279019636283,0.009110610577585346,0.18818213009658147,0.01427253799061566,4
MPOB_057,13.97815984,66.64190183,0.081668538,121.4616246,93.7274138,6.78e-05,3.676367537124209,0.26961116598617413,0.11320720070837179,0.009073889004378737,0.18107346412954628,0.012005915219593669,4
MPOB_058,2.354125995,13.16742481,0.074868797,7.727029655,141.3772942,0.000361678,6.947670004538615,0.29392404166598973,0.21002214411054404,0.011315358113631343,0.28098596431615114,0.0075403223713835345,4
MPOB_059,40.97728866,26.27941178,0.098893191,28.858559,168.7037718,0.000318283,3.6394339339780335,0.16455533233975198,0.09715231490280787,0.006097494472886105,0.2255701210611521,0.015698113102229853,4
MPOB_060,46.1441528,17.89028474,0.091796018,34.12582528,417.0543188,0.004861283,3.4374205617285245,0.16570142682700909,0.088949163840672,0.004681284776678576,0.20946333211787652,0.012148903898350953,4
MPOB_061,48.1176176,12.97245994,0.030101306,146.6424398,175.6897645,0.000155092,3.405259336413386,0.315890311258688,0.10105407374495043,0.010230432466135584,0.19342244859129148,0.009248915639215283,4
MPOB_062,37.07061127,5.463962108,0.025598493,67.87733319,380.1135652,0.00100464,3.5825653697042523,0.08829452617143001,0.10273689810502126,0.0035780181021860483,0.21106132117630325,0.015990157008187216,4
MPOB_063,41.54457049,7.901395611,0.057946327,40.41853628,16.49026289,0.001134858,3.656227849772213,0.3488807621926053,0.10106947831034613,0.013556224332129059,0.24762940833984534,0.013722390239767358,4
MPOB_064,22.6620079,2.845748203,0.015255385,52.84928929,57.04456927,0.001550388,4.483375061018053,0.1838355831835115,0.13380391076559578,0.007346505444511539,0.23076932444626302,0.006772834067173658,4
MPOB_065,2.628630491,75.63205578,0.024868827,84.32542873,91.32744117,0.001676363,3.924087902721836,0.34100543528350014,0.12058442444839272,0.00901470835029457,0.20506338402346658,0.012893377715027151,4
MPOB_066,9.83671255,12.0568746,0.064668141,138.9033576,48.13460177,0.001704852,5.087148016346665,0.2878961204840224,0.15890184269486735,0.008253484083115277,0.20961630648796184,0.021253858427615156,4
MPOB_067,24.63703979,18.42527772,0.081928296,98.87607175,280.2355146,0.002292105,4.1275717603457815,0.184135594595718,0.1316625657490181,0.008618316350212707,0.1944150391619784,0.011835905130162125,4
MPOB_068,1.503720353,26.8562093,0.034831096,41.149767,258.4014871,0.000241536,5.402552849055695,0.1444289938484531,0.1738752044147343,0.0032515057468342854,0.23937363771570874,0.006941239921730089,4
MPOB_069,34.9621483,22.43350858,0.034991475,95.7864781,64.20490769,0.004370702,3.5120541017887072,0.11699550079227701,0.10444724203756231,0.002947403246859153,0.19097110727394417,0.010341325921562814,4
